Query,Page,Clicks,Impressions,CTR,Position
基本情報技術者試験 シラバス 2026,https://syllabushack.com/method/cbt-2026-syllabus-complete-guide/,0,15,0.0%,5.5
mermaid ネットワーク構成図,https://syllabushack.com/method/nw-mermaid-hack/,0,7,0.0%,9.6
mermaid ネットワーク図,https://syllabushack.com/method/nw-mermaid-hack/,0,5,0.0%,10.8
シラバス .hack,https://syllabushack.com/,0,4,0.0%,4.3
ウォーターフォールモデル,https://syllabushack.com/theory/waterfall-development,0,3,0.0%,79.3
情報処理技術者試験 2026年 スケジュール,https://syllabushack.com/trend/ipa-2026-cbt-schedule-guide/,0,3,0.0%,6.3
2026 ipa,https://syllabushack.com/trend/ipa-2026-cbt-schedule-guide,0,2,0.0%,9.0
ipa 2026,https://syllabushack.com/trend/ipa-2026-cbt-schedule-guide/,0,2,0.0%,13.5
ipa 春試験 2026,https://syllabushack.com/trend/ipa-2026-cbt-schedule-guide/,0,2,0.0%,8.0
ipa 資格 2026,https://syllabushack.com/trend/ipa-2026-cbt-schedule-guide/,0,2,0.0%,10.0
ネットワーク図 mermaid,https://syllabushack.com/method/nw-mermaid-hack/,0,2,0.0%,11.0
宮城 ソフトウェア 開発 手法,https://syllabushack.com/career/ses-ap-strategy-miyagi/,0,2,0.0%,59.0
2026年 ipa,https://syllabushack.com/trend/ipa-2026-cbt-schedule-guide/,0,1,0.0%,4.0
ap sg,https://syllabushack.com/career/it-passport-to-ap-roadmap/,0,1,0.0%,1.0
ipa 2026 試験,https://syllabushack.com/app/genai-trend-quiz/,0,1,0.0%,10.0
ipa 春 試験 2026,https://syllabushack.com/trend/ipa-2026-cbt-schedule-guide/,0,1,0.0%,21.0
ipa 試験 2026,https://syllabushack.com/trend/ipa-2026-cbt-schedule-guide,0,1,0.0%,9.0
ipa 試験 2026,https://syllabushack.com/trend/ipa-2026-cbt-schedule-guide/,0,1,0.0%,9.0
ipa 試験 2026 春,https://syllabushack.com/trend/ipa-2026-cbt-schedule-guide/,0,1,0.0%,10.0
ipa 高度情報処理技術者試験 cbt 日程 予約 2026,https://syllabushack.com/trend/ipa-2026-cbt-schedule-guide/,0,1,0.0%,7.0
itパスポート シラバス,https://syllabushack.com/category/method,0,1,0.0%,13.0
itパスポート 給付金,https://syllabushack.com/trend/reskilling-subsidy-it-certification/,0,1,0.0%,47.0
mermaid network,https://syllabushack.com/method/nw-mermaid-hack/,0,1,0.0%,9.0
セキュリティ 資格 ロードマップ,https://syllabushack.com/method/sg-beginner-roadmap/,0,1,0.0%,88.0
セキュリティ資格 ロードマップ,https://syllabushack.com/method/sg-beginner-roadmap/,0,1,0.0%,74.0
デジタル ディバイド,https://syllabushack.com/term/digital-divide-basics/,0,1,0.0%,92.0
データベーススペシャリスト 試験日 2026,https://syllabushack.com/trend/ipa-2026-cbt-schedule-guide/,0,1,0.0%,43.0
データベーススペシャリスト試験日 2026,https://syllabushack.com/trend/ipa-2026-cbt-schedule-guide/,0,1,0.0%,30.0
ネットワークスペシャリスト 2026 試験日,https://syllabushack.com/trend/ipa-2026-cbt-schedule-guide/,0,1,0.0%,18.0
ネットワーク構成図 mermaid,https://syllabushack.com/method/nw-mermaid-hack/,0,1,0.0%,10.0
基本情報技術者試験 2026 schedule cbt pause april,https://syllabushack.com/trend/ipa-2026-cbt-schedule-guide/,0,1,0.0%,9.0
情報処理安全確保支援士 役に立た ない,https://syllabushack.com/career/ses-ap-independence-strategy/,0,1,0.0%,16.0
生成ai シラバス,https://syllabushack.com/method/genai-vocabulary-learning-efficiency/,0,1,0.0%,19.0